n_cells,replicate,seed,step,time_s,memory_MiB,gctime_s
500,1,36244282,QC_Preprocess,0.0388126,37.24490165710449,0.0081958
500,1,36244282,PCA,0.1707511,8.593273162841797,0.0043371
500,1,36244282,KNN_Graph,0.0058754,0.9749698638916016,0.0
500,1,36244282,Clustering,0.0277578,22.324110984802246,0.0
500,1,36244282,UMAP,3.7418923,24.422410011291504,0.0
500,1,36244282,Marker_Genes,0.1298679,101.51593208312988,0.0276199
500,1,36244282,TOTAL_PIPELINE,4.0761445,NaN,NaN
500,2,825935888,QC_Preprocess,0.0394942,37.28887748718262,0.0080053
500,2,825935888,PCA,0.1607247,8.583049774169922,0.0
500,2,825935888,KNN_Graph,0.0053783,0.9564065933227539,0.0
500,2,825935888,Clustering,0.0274674,22.356287956237793,0.0
500,2,825935888,UMAP,0.0786821,23.325108528137207,0.0099247
500,2,825935888,Marker_Genes,0.1457347,101.3042984008789,0.0543713
500,2,825935888,TOTAL_PIPELINE,0.4179872,NaN,NaN
500,3,728538305,QC_Preprocess,0.0321375,37.30911064147949,0.0
500,3,728538305,PCA,0.1661846,8.617748260498047,0.0
500,3,728538305,KNN_Graph,0.0050845,0.9484500885009766,0.0
500,3,728538305,Clustering,0.0269529,22.357325553894043,0.0
500,3,728538305,UMAP,0.0809875,23.728367805480957,0.0109421
500,3,728538305,Marker_Genes,0.097668,101.33928489685059,0.0073719
500,3,728538305,TOTAL_PIPELINE,0.3768775,NaN,NaN
1000,1,657667449,QC_Preprocess,0.0729896,63.585615158081055,0.0109279
1000,1,657667449,PCA,0.4622297,15.77920150756836,0.0058244
1000,1,657667449,KNN_Graph,0.016703,1.9484357833862305,0.0
1000,1,657667449,Clustering,0.0619677,44.95528507232666,0.0
1000,1,657667449,UMAP,6.2139133,56.33592700958252,0.0083617
1000,1,657667449,Marker_Genes,0.185425,143.44075870513916,0.0239127
1000,1,657667449,TOTAL_PIPELINE,6.9402387,NaN,NaN
1000,2,447359055,QC_Preprocess,0.0646746,63.27132987976074,0.0116297
1000,2,447359055,PCA,0.4645257,15.72713851928711,0.0
1000,2,447359055,KNN_Graph,0.0179857,1.9647750854492188,0.0
1000,2,447359055,Clustering,0.0748705,44.99820423126221,0.0093705
1000,2,447359055,UMAP,0.1299032,55.88282108306885,0.0
1000,2,447359055,Marker_Genes,0.1725916,142.48383903503418,0.0133848
1000,2,447359055,TOTAL_PIPELINE,0.8598767,NaN,NaN
1000,3,349961472,QC_Preprocess,0.0655477,63.80895805358887,0.0115368
1000,3,349961472,PCA,0.4383961,15.796092987060547,0.0
1000,3,349961472,KNN_Graph,0.0168162,1.988180160522461,0.0
1000,3,349961472,Clustering,0.0618616,44.989129066467285,0.0
1000,3,349961472,UMAP,0.123787,56.17116641998291,0.0
1000,3,349961472,Marker_Genes,0.1827806,143.8717622756958,0.0180625
1000,3,349961472,TOTAL_PIPELINE,0.8236414999999999,NaN,NaN
2500,1,219126994,QC_Preprocess,0.1247353,140.97602653503418,0.007933
2500,1,219126994,PCA,1.3619738,43.1926383972168,0.0
2500,1,219126994,KNN_Graph,0.0668028,5.115748405456543,0.0
2500,1,219126994,Clustering,0.237189,113.47825908660889,0.0154983
2500,1,219126994,UMAP,0.7290553,241.16033172607422,0.3910293
2500,1,219126994,Marker_Genes,0.3627459,276.30789279937744,0.01491
2500,1,219126994,TOTAL_PIPELINE,2.7577668,NaN,NaN
2500,2,8818600,QC_Preprocess,0.1324033,140.65133476257324,0.0140173
2500,2,8818600,PCA,1.5017034,36.70418930053711,0.0
2500,2,8818600,KNN_Graph,0.0763213,5.096510887145996,0.0
2500,2,8818600,Clustering,0.2355705,113.60215091705322,0.0120141
2500,2,8818600,UMAP,0.3665239,239.26769638061523,0.0728806
2500,2,8818600,Marker_Genes,0.711732,274.5154981613159,0.3309014
2500,2,8818600,TOTAL_PIPELINE,2.8918511,NaN,NaN
2500,3,620972633,QC_Preprocess,0.1341408,141.8050365447998,0.0141
2500,3,620972633,PCA,1.3876842,36.62148666381836,0.0
2500,3,620972633,KNN_Graph,0.0777513,5.118651390075684,0.0
2500,3,620972633,Clustering,0.2361121,113.85073947906494,0.0127591
2500,3,620972633,UMAP,0.3588418,240.39138412475586,0.0650288
2500,3,620972633,Marker_Genes,0.7298936,278.0953617095947,0.3739562
2500,3,620972633,TOTAL_PIPELINE,2.790283,NaN,NaN
5000,1,229966076,QC_Preprocess,0.2588794,270.59647941589355,0.0
5000,1,229966076,PCA,3.1014241,71.4478874206543,0.0158726
5000,1,229966076,KNN_Graph,0.1767762,10.417686462402344,0.0
5000,1,229966076,Clustering,0.6633199,229.39186763763428,0.0617768
5000,1,229966076,UMAP,1.2673671,129.206374168396,0.3562122
5000,1,229966076,Marker_Genes,0.7563425,496.9947261810303,0.0388787
5000,1,229966076,TOTAL_PIPELINE,5.9652297999999995,NaN,NaN
5000,2,310106066,QC_Preprocess,0.2586513,275.42834281921387,0.0066181
5000,2,310106066,PCA,3.0843285,71.37397384643555,0.0523127
5000,2,310106066,KNN_Graph,0.1749316,10.23265552520752,0.0
5000,2,310106066,Clustering,0.9926948,229.69090366363525,0.3756694
5000,2,310106066,UMAP,0.9366175,127.16657733917236,0.0
5000,2,310106066,Marker_Genes,0.7747571,505.82695960998535,0.0418353
5000,2,310106066,TOTAL_PIPELINE,5.963329499999999,NaN,NaN
5000,3,922260099,QC_Preprocess,0.3465516,270.41541862487793,0.0098628
5000,3,922260099,PCA,3.1972865,71.54609298706055,0.0658994
5000,3,922260099,KNN_Graph,0.1772227,10.319896697998047,0.0
5000,3,922260099,Clustering,0.6454528,228.62502193450928,0.0
5000,3,922260099,UMAP,1.2373303,126.95873165130615,0.414731
5000,3,922260099,Marker_Genes,0.7369571,497.618763923645,0.0295775
5000,3,922260099,TOTAL_PIPELINE,5.9942494,NaN,NaN
10000,1,875970644,QC_Preprocess,0.5682873,530.8386211395264,0.060692
10000,1,875970644,PCA,6.8828079,140.8829002380371,0.3960995
10000,1,875970644,KNN_Graph,0.5141582,21.13173770904541,0.0
10000,1,875970644,Clustering,2.0383161,461.7834348678589,0.1109838
10000,1,875970644,UMAP,2.4623275,261.27016830444336,0.3611726
10000,1,875970644,Marker_Genes,1.741926,944.0891227722168,0.1144571
10000,1,875970644,TOTAL_PIPELINE,13.6395357,NaN,NaN
10000,2,665662250,QC_Preprocess,1.029001,541.4117565155029,0.5024075
10000,2,665662250,PCA,6.1790082,139.21601486206055,0.0
10000,2,665662250,KNN_Graph,0.5520712,21.0125732421875,0.0
10000,2,665662250,Clustering,2.0678954,463.1722936630249,0.0450034
10000,2,665662250,UMAP,2.4683389,260.11923694610596,0.4716535
10000,2,665662250,Marker_Genes,1.6697895,964.7690143585205,0.0588798
10000,2,665662250,TOTAL_PIPELINE,12.9371032,NaN,NaN
10000,3,277816283,QC_Preprocess,0.9067361,533.1067333221436,0.4457288
10000,3,277816283,PCA,6.5825482,141.8388786315918,0.0
10000,3,277816283,KNN_Graph,0.5518446,21.036770820617676,0.0
10000,3,277816283,Clustering,2.0836023,462.41932582855225,0.1184952
10000,3,277816283,UMAP,2.3631289,259.98782444000244,0.3524678
10000,3,277816283,Marker_Genes,1.5772935,948.5802803039551,0.0449589
10000,3,277816283,TOTAL_PIPELINE,13.158417499999999,NaN,NaN
20000,1,295613125,QC_Preprocess,1.6984584,1065.0139818191528,0.633228
20000,1,295613125,PCA,15.2988289,276.64464950561523,0.0019796
20000,1,295613125,KNN_Graph,1.8829124,42.27358818054199,0.0
20000,1,295613125,Clustering,7.095363,931.5343751907349,0.5185551
20000,1,295613125,UMAP,5.2565651,524.3709917068481,0.056701
20000,1,295613125,Marker_Genes,3.6927488,1862.4177694320679,0.4769741
20000,1,295613125,TOTAL_PIPELINE,33.2264182,NaN,NaN
20000,2,85304731,QC_Preprocess,1.4817363,1064.8224534988403,0.5295987
20000,2,85304731,PCA,13.8951849,280.4905662536621,0.0020285
20000,2,85304731,KNN_Graph,1.6179703,42.26513862609863,0.0
20000,2,85304731,Clustering,7.2876459,936.3761396408081,0.5157614
20000,2,85304731,UMAP,5.5150198,522.9026536941528,0.0905618
20000,2,85304731,Marker_Genes,3.6603321,1865.0177965164185,0.4422393
20000,2,85304731,TOTAL_PIPELINE,31.976153000000004,NaN,NaN
20000,3,697458764,QC_Preprocess,1.403493,1051.678059577942,0.5232433
20000,3,697458764,PCA,14.3151032,278.5799217224121,0.001914
20000,3,697458764,KNN_Graph,1.4991207,42.520447731018066,0.0
20000,3,697458764,Clustering,7.1334709,934.6519804000854,0.5107741
20000,3,697458764,UMAP,5.2769816,522.3846063613892,0.0842103
20000,3,697458764,Marker_Genes,3.6192886,1841.9712476730347,0.4491126
20000,3,697458764,TOTAL_PIPELINE,31.843965,NaN,NaN
40000,1,134898087,QC_Preprocess,2.5385758,2122.1859788894653,0.5119622
40000,1,134898087,PCA,36.9670392,559.1480674743652,0.0021468
40000,1,134898087,KNN_Graph,9.1323452,85.4805383682251,0.0
40000,1,134898087,Clustering,31.5843447,1884.054633140564,0.8210969
40000,1,134898087,Marker_Genes,8.8148002,3684.0422439575195,0.6420227
40000,1,134898087,TOTAL_PIPELINE,86.4985293,NaN,NaN
40000,2,924589693,QC_Preprocess,3.8053104,2104.205876350403,1.2322137
40000,2,924589693,PCA,35.9787888,556.677562713623,0.094909
40000,2,924589693,KNN_Graph,6.2617168,85.9982213973999,0.0
40000,2,924589693,Clustering,26.6327435,1886.9097414016724,0.8121356
40000,2,924589693,Marker_Genes,7.8449388,3657.8385944366455,0.7415466
40000,2,924589693,TOTAL_PIPELINE,76.71818789999999,NaN,NaN
40000,3,827192110,QC_Preprocess,2.7869747,2149.570424079895,0.8237743
40000,3,827192110,PCA,34.1411367,552.1029624938965,0.5105488
40000,3,827192110,KNN_Graph,6.5510297,85.56906509399414,0.0
40000,3,827192110,Clustering,26.0703463,1899.2548551559448,0.2928037
40000,3,827192110,Marker_Genes,7.8032671,3731.5703477859497,0.5890632
40000,3,827192110,TOTAL_PIPELINE,74.5657798,NaN,NaN
